timestamp,event_type,side,price,size,order_id
10,ORDER,BUY,99.95,50,5001
15,ORDER,SELL,100.05,50,5002
20,ORDER,BUY,99.90,100,5003
25,ORDER,SELL,100.10,100,5004
30,ORDER,BUY,99.95,30,5005
35,CANCEL,BUY,99.95,30,5005
40,ORDER,SELL,100.00,20,5006
50,ORDER,BUY,100.05,15,5007
60,ORDER,SELL,100.08,40,5008
70,ORDER,BUY,99.92,60,5009
80,ORDER,SELL,100.15,80,5010
90,ORDER,BUY,99.88,120,5011
100,ORDER,SELL,100.05,25,5012
110,ORDER,BUY,100.02,30,5013
120,ORDER,SELL,100.12,45,5014
130,ORDER,BUY,99.96,55,5015
140,ORDER,SELL,100.06,60,5016
150,ORDER,BUY,99.94,40,5017
160,ORDER,SELL,100.18,70,5018
170,ORDER,BUY,99.98,35,5019
180,ORDER,SELL,100.04,50,5020
190,ORDER,BUY,100.00,45,5021
200,ORDER,SELL,100.08,55,5022
